INSERT INTO bill ("id", "date", "total") VALUES( 1, "2021-05-01", 572.31);
INSERT INTO bill ("id", "date", "total") VALUES( 2, "2021-06-01", 731.88);
INSERT INTO bill ("id", "date", "total") VALUES( 3, "2021-07-01", 716.14);
INSERT INTO bill ("id", "date", "total") VALUES( 4, "2021-08-01", 733.75);
INSERT INTO bill ("id", "date", "total") VALUES( 5, "2021-09-01", 764.57);
INSERT INTO bill ("id", "date", "total") VALUES( 6, "2021-10-01", 708.32);
INSERT INTO bill ("id", "date", "total") VALUES( 7, "2021-11-01", 770.04);
INSERT INTO bill ("id", "date", "total") VALUES( 8, "2022-01-01", 774.63);
INSERT INTO bill ("id", "date", "total") VALUES( 9, "2022-02-01", 752.21);
INSERT INTO bill ("id", "date", "total") VALUES(10, "2022-03-01", 564.21);

INSERT INTO subscriber ("id", "number", "name", "format") VALUES( 1, "443-127-4607", "Rachel Steele",      "us");
INSERT INTO subscriber ("id", "number", "name", "format") VALUES( 2, "820-617-2423", "Theresa Kaufman",    "us");
INSERT INTO subscriber ("id", "number", "name", "format") VALUES( 3, "730-164-0707", "Michael Fernandez",  "us");
INSERT INTO subscriber ("id", "number", "name", "format") VALUES( 4, "055-902-7240", "Matthew Whitehead",  "us");
INSERT INTO subscriber ("id", "number", "name", "format") VALUES( 5, "035-246-2525", "Frank Vega",         "us");
INSERT INTO subscriber ("id", "number", "name", "format") VALUES( 6, "136-685-1053", "Robert Burns",       "us");
INSERT INTO subscriber ("id", "number", "name", "format") VALUES( 7, "630-408-5797", "Alexandra Anderson", "us");
INSERT INTO subscriber ("id", "number", "name", "format") VALUES( 8, "075-464-4167", "Roy Hughes",         "us");
INSERT INTO subscriber ("id", "number", "name", "format") VALUES( 9, "140-081-9479", "Thomas Cunningham",  "us");
INSERT INTO subscriber ("id", "number", "name", "format") VALUES(10, "771-939-7832", "Jerry Bridges",      "us");
INSERT INTO subscriber ("id", "number", "name", "format") VALUES(11, "570-078-2753", "Thomas Harrison",    "us");

INSERT INTO billsubscriberlink ("bill_id", "subscriber_id") VALUES( 1,  1);
INSERT INTO billsubscriberlink ("bill_id", "subscriber_id") VALUES( 1,  2);
INSERT INTO billsubscriberlink ("bill_id", "subscriber_id") VALUES( 1,  3);
INSERT INTO billsubscriberlink ("bill_id", "subscriber_id") VALUES( 1,  4);
INSERT INTO billsubscriberlink ("bill_id", "subscriber_id") VALUES( 1,  5);
INSERT INTO billsubscriberlink ("bill_id", "subscriber_id") VALUES( 1,  6);
INSERT INTO billsubscriberlink ("bill_id", "subscriber_id") VALUES( 1,  7);
INSERT INTO billsubscriberlink ("bill_id", "subscriber_id") VALUES( 1,  8);
INSERT INTO billsubscriberlink ("bill_id", "subscriber_id") VALUES( 1,  9);
INSERT INTO billsubscriberlink ("bill_id", "subscriber_id") VALUES( 1, 10);
INSERT INTO billsubscriberlink ("bill_id", "subscriber_id") VALUES( 2,  1);
INSERT INTO billsubscriberlink ("bill_id", "subscriber_id") VALUES( 2,  2);
INSERT INTO billsubscriberlink ("bill_id", "subscriber_id") VALUES( 2,  3);
INSERT INTO billsubscriberlink ("bill_id", "subscriber_id") VALUES( 2,  4);
INSERT INTO billsubscriberlink ("bill_id", "subscriber_id") VALUES( 2,  5);
INSERT INTO billsubscriberlink ("bill_id", "subscriber_id") VALUES( 2,  6);
INSERT INTO billsubscriberlink ("bill_id", "subscriber_id") VALUES( 2,  7);
INSERT INTO billsubscriberlink ("bill_id", "subscriber_id") VALUES( 2,  8);
INSERT INTO billsubscriberlink ("bill_id", "subscriber_id") VALUES( 2,  9);
INSERT INTO billsubscriberlink ("bill_id", "subscriber_id") VALUES( 2, 10);
INSERT INTO billsubscriberlink ("bill_id", "subscriber_id") VALUES( 2, 11);
INSERT INTO billsubscriberlink ("bill_id", "subscriber_id") VALUES( 3,  1);
INSERT INTO billsubscriberlink ("bill_id", "subscriber_id") VALUES( 3,  2);
INSERT INTO billsubscriberlink ("bill_id", "subscriber_id") VALUES( 3,  3);
INSERT INTO billsubscriberlink ("bill_id", "subscriber_id") VALUES( 3,  4);
INSERT INTO billsubscriberlink ("bill_id", "subscriber_id") VALUES( 3,  5);
INSERT INTO billsubscriberlink ("bill_id", "subscriber_id") VALUES( 3,  6);
INSERT INTO billsubscriberlink ("bill_id", "subscriber_id") VALUES( 3,  7);
INSERT INTO billsubscriberlink ("bill_id", "subscriber_id") VALUES( 3,  8);
INSERT INTO billsubscriberlink ("bill_id", "subscriber_id") VALUES( 3,  9);
INSERT INTO billsubscriberlink ("bill_id", "subscriber_id") VALUES( 3, 10);
INSERT INTO billsubscriberlink ("bill_id", "subscriber_id") VALUES( 3, 11);
INSERT INTO billsubscriberlink ("bill_id", "subscriber_id") VALUES( 4,  1);
INSERT INTO billsubscriberlink ("bill_id", "subscriber_id") VALUES( 4,  2);
INSERT INTO billsubscriberlink ("bill_id", "subscriber_id") VALUES( 4,  3);
INSERT INTO billsubscriberlink ("bill_id", "subscriber_id") VALUES( 4,  4);
INSERT INTO billsubscriberlink ("bill_id", "subscriber_id") VALUES( 4,  5);
INSERT INTO billsubscriberlink ("bill_id", "subscriber_id") VALUES( 4,  6);
INSERT INTO billsubscriberlink ("bill_id", "subscriber_id") VALUES( 4,  7);
INSERT INTO billsubscriberlink ("bill_id", "subscriber_id") VALUES( 4,  8);
INSERT INTO billsubscriberlink ("bill_id", "subscriber_id") VALUES( 4,  9);
INSERT INTO billsubscriberlink ("bill_id", "subscriber_id") VALUES( 4, 10);
INSERT INTO billsubscriberlink ("bill_id", "subscriber_id") VALUES( 4, 11);
INSERT INTO billsubscriberlink ("bill_id", "subscriber_id") VALUES( 5,  1);
INSERT INTO billsubscriberlink ("bill_id", "subscriber_id") VALUES( 5,  2);
INSERT INTO billsubscriberlink ("bill_id", "subscriber_id") VALUES( 5,  3);
INSERT INTO billsubscriberlink ("bill_id", "subscriber_id") VALUES( 5,  4);
INSERT INTO billsubscriberlink ("bill_id", "subscriber_id") VALUES( 5,  5);
INSERT INTO billsubscriberlink ("bill_id", "subscriber_id") VALUES( 5,  6);
INSERT INTO billsubscriberlink ("bill_id", "subscriber_id") VALUES( 5,  7);
INSERT INTO billsubscriberlink ("bill_id", "subscriber_id") VALUES( 5,  8);
INSERT INTO billsubscriberlink ("bill_id", "subscriber_id") VALUES( 5,  9);
INSERT INTO billsubscriberlink ("bill_id", "subscriber_id") VALUES( 5, 10);
INSERT INTO billsubscriberlink ("bill_id", "subscriber_id") VALUES( 5, 11);
INSERT INTO billsubscriberlink ("bill_id", "subscriber_id") VALUES( 6,  1);
INSERT INTO billsubscriberlink ("bill_id", "subscriber_id") VALUES( 6,  2);
INSERT INTO billsubscriberlink ("bill_id", "subscriber_id") VALUES( 6,  3);
INSERT INTO billsubscriberlink ("bill_id", "subscriber_id") VALUES( 6,  4);
INSERT INTO billsubscriberlink ("bill_id", "subscriber_id") VALUES( 6,  5);
INSERT INTO billsubscriberlink ("bill_id", "subscriber_id") VALUES( 6,  6);
INSERT INTO billsubscriberlink ("bill_id", "subscriber_id") VALUES( 6,  7);
INSERT INTO billsubscriberlink ("bill_id", "subscriber_id") VALUES( 6,  8);
INSERT INTO billsubscriberlink ("bill_id", "subscriber_id") VALUES( 6,  9);
INSERT INTO billsubscriberlink ("bill_id", "subscriber_id") VALUES( 6, 10);
INSERT INTO billsubscriberlink ("bill_id", "subscriber_id") VALUES( 6, 11);
INSERT INTO billsubscriberlink ("bill_id", "subscriber_id") VALUES( 7,  1);
INSERT INTO billsubscriberlink ("bill_id", "subscriber_id") VALUES( 7,  2);
INSERT INTO billsubscriberlink ("bill_id", "subscriber_id") VALUES( 7,  3);
INSERT INTO billsubscriberlink ("bill_id", "subscriber_id") VALUES( 7,  4);
INSERT INTO billsubscriberlink ("bill_id", "subscriber_id") VALUES( 7,  5);
INSERT INTO billsubscriberlink ("bill_id", "subscriber_id") VALUES( 7,  6);
INSERT INTO billsubscriberlink ("bill_id", "subscriber_id") VALUES( 7,  7);
INSERT INTO billsubscriberlink ("bill_id", "subscriber_id") VALUES( 7,  8);
INSERT INTO billsubscriberlink ("bill_id", "subscriber_id") VALUES( 7,  9);
INSERT INTO billsubscriberlink ("bill_id", "subscriber_id") VALUES( 7, 10);
INSERT INTO billsubscriberlink ("bill_id", "subscriber_id") VALUES( 7, 11);
INSERT INTO billsubscriberlink ("bill_id", "subscriber_id") VALUES( 8,  1);
INSERT INTO billsubscriberlink ("bill_id", "subscriber_id") VALUES( 8,  2);
INSERT INTO billsubscriberlink ("bill_id", "subscriber_id") VALUES( 8,  3);
INSERT INTO billsubscriberlink ("bill_id", "subscriber_id") VALUES( 8,  4);
INSERT INTO billsubscriberlink ("bill_id", "subscriber_id") VALUES( 8,  5);
INSERT INTO billsubscriberlink ("bill_id", "subscriber_id") VALUES( 8,  6);
INSERT INTO billsubscriberlink ("bill_id", "subscriber_id") VALUES( 8,  7);
INSERT INTO billsubscriberlink ("bill_id", "subscriber_id") VALUES( 8,  8);
INSERT INTO billsubscriberlink ("bill_id", "subscriber_id") VALUES( 8,  9);
INSERT INTO billsubscriberlink ("bill_id", "subscriber_id") VALUES( 8, 10);
INSERT INTO billsubscriberlink ("bill_id", "subscriber_id") VALUES( 8, 11);
INSERT INTO billsubscriberlink ("bill_id", "subscriber_id") VALUES( 9,  1);
INSERT INTO billsubscriberlink ("bill_id", "subscriber_id") VALUES( 9,  2);
INSERT INTO billsubscriberlink ("bill_id", "subscriber_id") VALUES( 9,  3);
INSERT INTO billsubscriberlink ("bill_id", "subscriber_id") VALUES( 9,  4);
INSERT INTO billsubscriberlink ("bill_id", "subscriber_id") VALUES( 9,  5);
INSERT INTO billsubscriberlink ("bill_id", "subscriber_id") VALUES( 9,  6);
INSERT INTO billsubscriberlink ("bill_id", "subscriber_id") VALUES( 9,  7);
INSERT INTO billsubscriberlink ("bill_id", "subscriber_id") VALUES( 9,  8);
INSERT INTO billsubscriberlink ("bill_id", "subscriber_id") VALUES( 9,  9);
INSERT INTO billsubscriberlink ("bill_id", "subscriber_id") VALUES( 9, 10);
INSERT INTO billsubscriberlink ("bill_id", "subscriber_id") VALUES( 9, 11);
INSERT INTO billsubscriberlink ("bill_id", "subscriber_id") VALUES(10,  1);
INSERT INTO billsubscriberlink ("bill_id", "subscriber_id") VALUES(10,  2);
INSERT INTO billsubscriberlink ("bill_id", "subscriber_id") VALUES(10,  3);
INSERT INTO billsubscriberlink ("bill_id", "subscriber_id") VALUES(10,  5);
INSERT INTO billsubscriberlink ("bill_id", "subscriber_id") VALUES(10,  6);
INSERT INTO billsubscriberlink ("bill_id", "subscriber_id") VALUES(10,  7);
INSERT INTO billsubscriberlink ("bill_id", "subscriber_id") VALUES(10,  8);
INSERT INTO billsubscriberlink ("bill_id", "subscriber_id") VALUES(10,  9);
INSERT INTO billsubscriberlink ("bill_id", "subscriber_id") VALUES(10, 10);
INSERT INTO billsubscriberlink ("bill_id", "subscriber_id") VALUES(10, 11);

INSERT INTO detail ("id", "bill_id", "subscriber_id", "phone", "line", "insurance", "usage", "total", "minutes", "messages", "data") VALUES(  1,  1,  1, 13.65, 26.25, 11.61, 20.27,  71.78, 180, 838, 14.709);
INSERT INTO detail ("id", "bill_id", "subscriber_id", "phone", "line", "insurance", "usage", "total", "minutes", "messages", "data") VALUES(  2,  1,  2,  8.04, 14.68,  3.02, 21.08,  48.08, 555,  46,  2.196);
INSERT INTO detail ("id", "bill_id", "subscriber_id", "phone", "line", "insurance", "usage", "total", "minutes", "messages", "data") VALUES(  3,  1,  3, 18.58, 22.02, 22.27, 10.27,  73.32, 701, 758, 14.075);
INSERT INTO detail ("id", "bill_id", "subscriber_id", "phone", "line", "insurance", "usage", "total", "minutes", "messages", "data") VALUES(  4,  1,  4,  2.02, 12.11,  3.65, 13.53,  31.49, 688, 476,  8.822);
INSERT INTO detail ("id", "bill_id", "subscriber_id", "phone", "line", "insurance", "usage", "total", "minutes", "messages", "data") VALUES(  5,  1,  5, 15.98, 11.08, 14.02,  8.71,  50.69, 964, 783, 12.914);
INSERT INTO detail ("id", "bill_id", "subscriber_id", "phone", "line", "insurance", "usage", "total", "minutes", "messages", "data") VALUES(  6,  1,  6, 26.46, 14.91,  6.64,  1.32,  49.33, 998, 637,  6.002);
INSERT INTO detail ("id", "bill_id", "subscriber_id", "phone", "line", "insurance", "usage", "total", "minutes", "messages", "data") VALUES(  7,  1,  7,  8.54, 12.23,  3.93, 15.91,  40.61, 463, 600,  8.914);
INSERT INTO detail ("id", "bill_id", "subscriber_id", "phone", "line", "insurance", "usage", "total", "minutes", "messages", "data") VALUES(  8,  1,  8,  8.47,  9.95,  9.03, 28.78,  56.05, 342, 769,  8.952);
INSERT INTO detail ("id", "bill_id", "subscriber_id", "phone", "line", "insurance", "usage", "total", "minutes", "messages", "data") VALUES(  9,  1,  9, 13.94, 12.76, 21.95,  3.82,  52.47, 137, 222, 11.853);
INSERT INTO detail ("id", "bill_id", "subscriber_id", "phone", "line", "insurance", "usage", "total", "minutes", "messages", "data") VALUES( 10,  1, 10, 27.89, 29.01,  3.39,  7.42,  67.08, 261, 280,  2.754);
INSERT INTO detail ("id", "bill_id", "subscriber_id", "phone", "line", "insurance", "usage", "total", "minutes", "messages", "data") VALUES( 11,  2,  6,  2.01, 16.64, 20.59,  8.97,  48.03,  75, 164, 13.121);
INSERT INTO detail ("id", "bill_id", "subscriber_id", "phone", "line", "insurance", "usage", "total", "minutes", "messages", "data") VALUES( 12,  2, 11, 16.86,  9.73,  7.32,  4.46,  38.37,  79, 818, 11.682);
INSERT INTO detail ("id", "bill_id", "subscriber_id", "phone", "line", "insurance", "usage", "total", "minutes", "messages", "data") VALUES( 13,  2, 10, 20.46, 18.25, 11.51,  1.09,  52.12, 584, 768, 13.646);
INSERT INTO detail ("id", "bill_id", "subscriber_id", "phone", "line", "insurance", "usage", "total", "minutes", "messages", "data") VALUES( 14,  2,  2,  4.92, 21.72, 29.12, 26.36,  82.12, 862, 668, 14.305);
INSERT INTO detail ("id", "bill_id", "subscriber_id", "phone", "line", "insurance", "usage", "total", "minutes", "messages", "data") VALUES( 15,  2,  4, 27.33, 29.42, 23.62, 29.73, 110.01, 315, 898,  4.451);
INSERT INTO detail ("id", "bill_id", "subscriber_id", "phone", "line", "insurance", "usage", "total", "minutes", "messages", "data") VALUES( 16,  2,  8, 10.41, 22.01, 26.24, 18.54,  77.29, 709, 415, 20.583);
INSERT INTO detail ("id", "bill_id", "subscriber_id", "phone", "line", "insurance", "usage", "total", "minutes", "messages", "data") VALUES( 17,  2,  7,  8.99,  2.55, 29.03, 27.75,  68.59, 578, 594, 16.093);
INSERT INTO detail ("id", "bill_id", "subscriber_id", "phone", "line", "insurance", "usage", "total", "minutes", "messages", "data") VALUES( 18,  2,  9, 11.22, 14.76, 15.77, 30.00,  71.75, 450, 590, 12.235);
INSERT INTO detail ("id", "bill_id", "subscriber_id", "phone", "line", "insurance", "usage", "total", "minutes", "messages", "data") VALUES( 19,  2,  1, 22.04, 11.00,  6.65,  9.61,  49.66, 197, 382, 14.158);
INSERT INTO detail ("id", "bill_id", "subscriber_id", "phone", "line", "insurance", "usage", "total", "minutes", "messages", "data") VALUES( 20,  2,  5,  8.69, 14.59,  8.64,  0.62,  32.54, 846, 754,  6.912);
INSERT INTO detail ("id", "bill_id", "subscriber_id", "phone", "line", "insurance", "usage", "total", "minutes", "messages", "data") VALUES( 21,  2,  3, 16.43, 15.37,  6.06, 19.03,  57.07, 303, 144, 13.057);
INSERT INTO detail ("id", "bill_id", "subscriber_id", "phone", "line", "insurance", "usage", "total", "minutes", "messages", "data") VALUES( 22,  3,  3, 27.07, 19.45,  2.02,  6.78,  56.13, 617, 240,  8.517);
INSERT INTO detail ("id", "bill_id", "subscriber_id", "phone", "line", "insurance", "usage", "total", "minutes", "messages", "data") VALUES( 23,  3,  7,  7.07, 27.36,  1.96, 26.99,  64.01, 965, 378, 16.182);
INSERT INTO detail ("id", "bill_id", "subscriber_id", "phone", "line", "insurance", "usage", "total", "minutes", "messages", "data") VALUES( 24,  3,  8, 12.91, 16.51, 30.23, 28.07,  88.35, 976, 794, 20.788);
INSERT INTO detail ("id", "bill_id", "subscriber_id", "phone", "line", "insurance", "usage", "total", "minutes", "messages", "data") VALUES( 25,  3,  5,  0.05, 19.06, 16.96,  5.65,  42.71, 383, 453,  8.337);
INSERT INTO detail ("id", "bill_id", "subscriber_id", "phone", "line", "insurance", "usage", "total", "minutes", "messages", "data") VALUES( 26,  3, 10, 12.01, 27.01, 16.69, 11.03,  67.19, 394, 370,  6.317);
INSERT INTO detail ("id", "bill_id", "subscriber_id", "phone", "line", "insurance", "usage", "total", "minutes", "messages", "data") VALUES( 27,  3,  6,  2.09,  6.05,  5.59, 26.72,  41.71, 882, 194, 14.905);
INSERT INTO detail ("id", "bill_id", "subscriber_id", "phone", "line", "insurance", "usage", "total", "minutes", "messages", "data") VALUES( 28,  3,  9,  2.45, 16.88, 21.27,  1.73,  42.33, 880, 810,  2.087);
INSERT INTO detail ("id", "bill_id", "subscriber_id", "phone", "line", "insurance", "usage", "total", "minutes", "messages", "data") VALUES( 29,  3,  2,  5.32, 15.62, 15.34,  9.78,  46.06, 479, 528,  1.043);
INSERT INTO detail ("id", "bill_id", "subscriber_id", "phone", "line", "insurance", "usage", "total", "minutes", "messages", "data") VALUES( 30,  3,  1, 21.11, 29.00, 19.65, 23.82,  93.58, 916, 904, 19.583);
INSERT INTO detail ("id", "bill_id", "subscriber_id", "phone", "line", "insurance", "usage", "total", "minutes", "messages", "data") VALUES( 31,  3, 11, 23.05, 30.09, 10.95, 14.82,  80.17, 694, 599, 11.902);
INSERT INTO detail ("id", "bill_id", "subscriber_id", "phone", "line", "insurance", "usage", "total", "minutes", "messages", "data") VALUES( 32,  3,  4, 16.84, 17.86, 30.93,  9.63,  75.26, 463, 389, 14.054);
INSERT INTO detail ("id", "bill_id", "subscriber_id", "phone", "line", "insurance", "usage", "total", "minutes", "messages", "data") VALUES( 33,  4, 10, 19.86,  4.26, 21.06,  8.00,  53.72, 750, 309,  8.098);
INSERT INTO detail ("id", "bill_id", "subscriber_id", "phone", "line", "insurance", "usage", "total", "minutes", "messages", "data") VALUES( 34,  4,  4,  2.69, 28.09, 26.64, 29.36,  87.59, 189, 695, 18.709);
INSERT INTO detail ("id", "bill_id", "subscriber_id", "phone", "line", "insurance", "usage", "total", "minutes", "messages", "data") VALUES( 35,  4,  5, 23.01, 17.23,  5.41, 20.07,  66.44, 337, 709, 19.638);
INSERT INTO detail ("id", "bill_id", "subscriber_id", "phone", "line", "insurance", "usage", "total", "minutes", "messages", "data") VALUES( 36,  4,  2, 24.96, 12.55, 18.42,  7.33,  63.26, 581, 931,  1.087);
INSERT INTO detail ("id", "bill_id", "subscriber_id", "phone", "line", "insurance", "usage", "total", "minutes", "messages", "data") VALUES( 37,  4, 11,  8.29, 18.64, 15.43,  7.87,  50.23, 390, 150, 13.261);
INSERT INTO detail ("id", "bill_id", "subscriber_id", "phone", "line", "insurance", "usage", "total", "minutes", "messages", "data") VALUES( 38,  4,  6,  4.67, 12.18, 17.59, 12.43,  46.87, 390, 315, 16.002);
INSERT INTO detail ("id", "bill_id", "subscriber_id", "phone", "line", "insurance", "usage", "total", "minutes", "messages", "data") VALUES( 39,  4,  9, 11.62, 24.15, 20.45,  5.15,  61.37,   2, 555,  2.015);
INSERT INTO detail ("id", "bill_id", "subscriber_id", "phone", "line", "insurance", "usage", "total", "minutes", "messages", "data") VALUES( 40,  4,  8,  6.35, 16.43, 11.22, 30.24,  64.24,  70,  84,  8.555);
INSERT INTO detail ("id", "bill_id", "subscriber_id", "phone", "line", "insurance", "usage", "total", "minutes", "messages", "data") VALUES( 41,  4,  7,  1.09,  7.95, 28.41, 13.06,  51.86, 379, 846, 18.376);
INSERT INTO detail ("id", "bill_id", "subscriber_id", "phone", "line", "insurance", "usage", "total", "minutes", "messages", "data") VALUES( 42,  4,  1,  4.47, 25.62, 29.18, 23.71,  82.98,  67, 479,  4.762);
INSERT INTO detail ("id", "bill_id", "subscriber_id", "phone", "line", "insurance", "usage", "total", "minutes", "messages", "data") VALUES( 43,  4,  3,  0.58, 13.13, 23.45,  6.02,  43.36, 259, 135, 10.222);
INSERT INTO detail ("id", "bill_id", "subscriber_id", "phone", "line", "insurance", "usage", "total", "minutes", "messages", "data") VALUES( 44,  5,  8,  1.03, 23.07,  1.34, 15.09,  42.24, 916, 364, 16.286);
INSERT INTO detail ("id", "bill_id", "subscriber_id", "phone", "line", "insurance", "usage", "total", "minutes", "messages", "data") VALUES( 45,  5,  3,  3.14,  2.02, 28.02, 24.07,  58.24, 552, 647, 20.014);
INSERT INTO detail ("id", "bill_id", "subscriber_id", "phone", "line", "insurance", "usage", "total", "minutes", "messages", "data") VALUES( 46,  5, 11, 15.01, 12.89, 25.97,  2.15,  56.11, 473, 652, 19.097);
INSERT INTO detail ("id", "bill_id", "subscriber_id", "phone", "line", "insurance", "usage", "total", "minutes", "messages", "data") VALUES( 47,  5,  1, 13.49, 17.04, 25.92,  3.55,  60.36, 997, 762,  0.432);
INSERT INTO detail ("id", "bill_id", "subscriber_id", "phone", "line", "insurance", "usage", "total", "minutes", "messages", "data") VALUES( 48,  5, 10, 20.16, 23.05, 30.77,  4.04,  78.83, 641, 861, 17.571);
INSERT INTO detail ("id", "bill_id", "subscriber_id", "phone", "line", "insurance", "usage", "total", "minutes", "messages", "data") VALUES( 49,  5,  7,  8.98,  2.11, 27.76, 23.42,  62.27, 378,  28,  1.586);
INSERT INTO detail ("id", "bill_id", "subscriber_id", "phone", "line", "insurance", "usage", "total", "minutes", "messages", "data") VALUES( 50,  5,  9, 15.62, 16.24,  8.49, 24.84,  65.19,  51, 369,  4.008);
INSERT INTO detail ("id", "bill_id", "subscriber_id", "phone", "line", "insurance", "usage", "total", "minutes", "messages", "data") VALUES( 51,  5,  6,  6.16, 10.46, 27.13, 25.09,  69.65, 317, 263, 10.537);
INSERT INTO detail ("id", "bill_id", "subscriber_id", "phone", "line", "insurance", "usage", "total", "minutes", "messages", "data") VALUES( 52,  5,  5, 22.53, 28.28, 27.63,  5.74,  84.18,   5,  20, 11.498);
INSERT INTO detail ("id", "bill_id", "subscriber_id", "phone", "line", "insurance", "usage", "total", "minutes", "messages", "data") VALUES( 53,  5,  2, 16.24,  3.94, 21.03,  3.53,  45.01, 984, 339, 19.047);
INSERT INTO detail ("id", "bill_id", "subscriber_id", "phone", "line", "insurance", "usage", "total", "minutes", "messages", "data") VALUES( 54,  5,  4, 21.65, 26.11,  8.43,  9.78,  65.97, 476, 444, 16.319);
INSERT INTO detail ("id", "bill_id", "subscriber_id", "phone", "line", "insurance", "usage", "total", "minutes", "messages", "data") VALUES( 55,  6,  9, 26.32, 25.24,  2.03, 29.04,  83.26, 329,  48, 14.827);
INSERT INTO detail ("id", "bill_id", "subscriber_id", "phone", "line", "insurance", "usage", "total", "minutes", "messages", "data") VALUES( 56,  6,  5,  5.81,  9.16, 28.01,  4.61,  47.68, 457, 382, 20.794);
INSERT INTO detail ("id", "bill_id", "subscriber_id", "phone", "line", "insurance", "usage", "total", "minutes", "messages", "data") VALUES( 57,  6,  7,  5.33,  5.45,  0.07,  7.41,  18.89, 173, 445,  6.213);
INSERT INTO detail ("id", "bill_id", "subscriber_id", "phone", "line", "insurance", "usage", "total", "minutes", "messages", "data") VALUES( 58,  6,  2,  6.43, 17.86, 23.85, 17.85,  65.99, 842, 546,  4.721);
INSERT INTO detail ("id", "bill_id", "subscriber_id", "phone", "line", "insurance", "usage", "total", "minutes", "messages", "data") VALUES( 59,  6,  4, 16.41, 29.64, 23.07, 11.13,  80.88, 143,  23,  6.211);
INSERT INTO detail ("id", "bill_id", "subscriber_id", "phone", "line", "insurance", "usage", "total", "minutes", "messages", "data") VALUES( 60,  6, 10,  5.61,  6.08, 15.02, 10.32,  37.93, 854, 880,  0.027);
INSERT INTO detail ("id", "bill_id", "subscriber_id", "phone", "line", "insurance", "usage", "total", "minutes", "messages", "data") VALUES( 61,  6,  8, 19.24, 14.01,  5.82,  8.34,  47.05, 823, 576, 16.951);
INSERT INTO detail ("id", "bill_id", "subscriber_id", "phone", "line", "insurance", "usage", "total", "minutes", "messages", "data") VALUES( 62,  6,  1, 11.17, 16.31,  2.17, 19.96,  49.61, 261, 409,  8.983);
INSERT INTO detail ("id", "bill_id", "subscriber_id", "phone", "line", "insurance", "usage", "total", "minutes", "messages", "data") VALUES( 63,  6,  6,  5.45,  5.01, 24.42,  3.75,  38.72, 607, 768,  9.781);
INSERT INTO detail ("id", "bill_id", "subscriber_id", "phone", "line", "insurance", "usage", "total", "minutes", "messages", "data") VALUES( 64,  6,  3, 30.89, 25.81,  5.27, 29.18,  91.15, 742, 593,  3.211);
INSERT INTO detail ("id", "bill_id", "subscriber_id", "phone", "line", "insurance", "usage", "total", "minutes", "messages", "data") VALUES( 65,  6, 11, 27.89,  8.21,  3.35, 22.94,  62.39, 464, 714,  5.548);
INSERT INTO detail ("id", "bill_id", "subscriber_id", "phone", "line", "insurance", "usage", "total", "minutes", "messages", "data") VALUES( 66,  7, 10, 16.71, 17.41, 15.17, 27.31,  76.06, 387, 995, 20.996);
INSERT INTO detail ("id", "bill_id", "subscriber_id", "phone", "line", "insurance", "usage", "total", "minutes", "messages", "data") VALUES( 67,  7,  3,  0.09, 18.72,  3.98, 29.69,  53.29, 435, 585, 10.516);
INSERT INTO detail ("id", "bill_id", "subscriber_id", "phone", "line", "insurance", "usage", "total", "minutes", "messages", "data") VALUES( 68,  7, 11, 12.44, 18.73, 22.29, 21.01,  74.56, 113, 106, 16.863);
INSERT INTO detail ("id", "bill_id", "subscriber_id", "phone", "line", "insurance", "usage", "total", "minutes", "messages", "data") VALUES( 69,  7,  8, 24.73, 19.72, 18.35,  3.48,  66.28, 295, 277, 16.676);
INSERT INTO detail ("id", "bill_id", "subscriber_id", "phone", "line", "insurance", "usage", "total", "minutes", "messages", "data") VALUES( 70,  7,  9,  7.39,  9.29,  9.63, 10.93,  37.24, 659, 123,  6.398);
INSERT INTO detail ("id", "bill_id", "subscriber_id", "phone", "line", "insurance", "usage", "total", "minutes", "messages", "data") VALUES( 71,  7,  2, 23.33, 21.39, 11.59, 30.06,  86.91, 410, 561,  4.347);
INSERT INTO detail ("id", "bill_id", "subscriber_id", "phone", "line", "insurance", "usage", "total", "minutes", "messages", "data") VALUES( 72,  7,  5, 14.66,  8.78, 10.32,  9.31,  43.07, 763, 923,  1.066);
INSERT INTO detail ("id", "bill_id", "subscriber_id", "phone", "line", "insurance", "usage", "total", "minutes", "messages", "data") VALUES( 73,  7,  7,  0.68, 24.95, 13.93, 24.05,  64.06, 418, 352, 14.003);
INSERT INTO detail ("id", "bill_id", "subscriber_id", "phone", "line", "insurance", "usage", "total", "minutes", "messages", "data") VALUES( 74,  7,  1, 30.77,  1.13,  8.08, 30.76,  71.46, 671, 339,  8.545);
INSERT INTO detail ("id", "bill_id", "subscriber_id", "phone", "line", "insurance", "usage", "total", "minutes", "messages", "data") VALUES( 75,  7,  6, 26.29,  1.38,  9.56,  9.01,  46.33, 687, 757, 10.805);
INSERT INTO detail ("id", "bill_id", "subscriber_id", "phone", "line", "insurance", "usage", "total", "minutes", "messages", "data") VALUES( 76,  7,  4,  7.17, 26.02, 27.96, 14.18,  75.51, 387, 444, 10.422);
INSERT INTO detail ("id", "bill_id", "subscriber_id", "phone", "line", "insurance", "usage", "total", "minutes", "messages", "data") VALUES( 77,  8,  6, 17.18,  3.51, 23.03, 15.18,  59.17, 670, 640, 14.481);
INSERT INTO detail ("id", "bill_id", "subscriber_id", "phone", "line", "insurance", "usage", "total", "minutes", "messages", "data") VALUES( 78,  8, 11,  1.85, 23.21, 10.17, 12.25,  47.48, 183, 377, 14.188);
INSERT INTO detail ("id", "bill_id", "subscriber_id", "phone", "line", "insurance", "usage", "total", "minutes", "messages", "data") VALUES( 79,  8,  2,  1.17,  5.09, 29.31, 19.04,  55.78, 945, 449,  4.156);
INSERT INTO detail ("id", "bill_id", "subscriber_id", "phone", "line", "insurance", "usage", "total", "minutes", "messages", "data") VALUES( 80,  8, 10, 25.07, 15.45,  1.49, 26.32,  68.96, 170, 500, 13.746);
INSERT INTO detail ("id", "bill_id", "subscriber_id", "phone", "line", "insurance", "usage", "total", "minutes", "messages", "data") VALUES( 81,  8,  7, 14.98, 12.69, 18.59, 28.72,  74.98, 511, 935, 19.542);
INSERT INTO detail ("id", "bill_id", "subscriber_id", "phone", "line", "insurance", "usage", "total", "minutes", "messages", "data") VALUES( 82,  8,  3, 20.00,  0.64, 30.05, 22.38,  73.52, 321, 324, 17.893);
INSERT INTO detail ("id", "bill_id", "subscriber_id", "phone", "line", "insurance", "usage", "total", "minutes", "messages", "data") VALUES( 83,  8,  5, 23.96,  8.46, 19.97, 12.36,  64.75, 837, 248,  1.012);
INSERT INTO detail ("id", "bill_id", "subscriber_id", "phone", "line", "insurance", "usage", "total", "minutes", "messages", "data") VALUES( 84,  8,  4,  8.10, 14.72, 10.95, 13.14,  46.91, 154,  88, 12.028);
INSERT INTO detail ("id", "bill_id", "subscriber_id", "phone", "line", "insurance", "usage", "total", "minutes", "messages", "data") VALUES( 85,  8,  9,  5.95, 24.54, 30.29, 21.23,  82.01, 236, 294, 11.175);
INSERT INTO detail ("id", "bill_id", "subscriber_id", "phone", "line", "insurance", "usage", "total", "minutes", "messages", "data") VALUES( 86,  8,  1, 28.69,  8.16, 28.57, 17.07,  83.12,  41, 460,  3.583);
INSERT INTO detail ("id", "bill_id", "subscriber_id", "phone", "line", "insurance", "usage", "total", "minutes", "messages", "data") VALUES( 87,  8,  8, 23.91, 19.63, 13.65, 22.21,  79.04, 957, 190,  2.694);
INSERT INTO detail ("id", "bill_id", "subscriber_id", "phone", "line", "insurance", "usage", "total", "minutes", "messages", "data") VALUES( 88,  9,  5, 14.70, 18.06, 18.00,  5.96,  57.26, 372, 418, 11.708);
INSERT INTO detail ("id", "bill_id", "subscriber_id", "phone", "line", "insurance", "usage", "total", "minutes", "messages", "data") VALUES( 89,  9, 11, 28.42, 22.85, 10.67,  5.74,  67.68, 558, 708,  6.422);
INSERT INTO detail ("id", "bill_id", "subscriber_id", "phone", "line", "insurance", "usage", "total", "minutes", "messages", "data") VALUES( 90,  9,  9, 16.56,  8.01, 25.37, 10.05,  60.53, 618, 809,  6.988);
INSERT INTO detail ("id", "bill_id", "subscriber_id", "phone", "line", "insurance", "usage", "total", "minutes", "messages", "data") VALUES( 91,  9, 10, 23.72, 29.02, 18.32, 13.59,  84.83, 542,  84, 14.093);
INSERT INTO detail ("id", "bill_id", "subscriber_id", "phone", "line", "insurance", "usage", "total", "minutes", "messages", "data") VALUES( 92,  9,  6,  0.01, 15.75,  4.88, 22.22,  42.95, 804,  18, 17.851);
INSERT INTO detail ("id", "bill_id", "subscriber_id", "phone", "line", "insurance", "usage", "total", "minutes", "messages", "data") VALUES( 93,  9,  8, 10.05, 30.92, 27.74, 17.33,  86.49, 103, 901,  1.789);
INSERT INTO detail ("id", "bill_id", "subscriber_id", "phone", "line", "insurance", "usage", "total", "minutes", "messages", "data") VALUES( 94,  9,  3,  7.49,  2.07,  1.04,  3.94,  15.53, 577, 704,  9.759);
INSERT INTO detail ("id", "bill_id", "subscriber_id", "phone", "line", "insurance", "usage", "total", "minutes", "messages", "data") VALUES( 95,  9,  2, 13.24,  0.03, 14.24, 12.36,  40.14, 726, 603, 12.239);
INSERT INTO detail ("id", "bill_id", "subscriber_id", "phone", "line", "insurance", "usage", "total", "minutes", "messages", "data") VALUES( 96,  9,  1, 25.87, 29.69, 10.82,  3.86,  70.24, 484, 437,  5.056);
INSERT INTO detail ("id", "bill_id", "subscriber_id", "phone", "line", "insurance", "usage", "total", "minutes", "messages", "data") VALUES( 97,  9,  4, 23.89, 10.34, 10.66,  0.07,  45.59, 351, 405,  4.074);
INSERT INTO detail ("id", "bill_id", "subscriber_id", "phone", "line", "insurance", "usage", "total", "minutes", "messages", "data") VALUES( 98,  9,  7, 29.14, 12.83, 23.16, 25.36,  90.49, 888, 310, 10.533);
INSERT INTO detail ("id", "bill_id", "subscriber_id", "phone", "line", "insurance", "usage", "total", "minutes", "messages", "data") VALUES( 99, 10, 11, 16.04, 21.69,  6.74, 10.27,  55.01, 655, 354, 16.556);
INSERT INTO detail ("id", "bill_id", "subscriber_id", "phone", "line", "insurance", "usage", "total", "minutes", "messages", "data") VALUES(100, 10,  2, 13.01,  3.35, 26.13, 18.19,  60.77, 411, 794, 18.537);
INSERT INTO detail ("id", "bill_id", "subscriber_id", "phone", "line", "insurance", "usage", "total", "minutes", "messages", "data") VALUES(101, 10,  6, 13.08, 22.86, 22.22, 17.58,  76.46, 796, 176,  0.415);
INSERT INTO detail ("id", "bill_id", "subscriber_id", "phone", "line", "insurance", "usage", "total", "minutes", "messages", "data") VALUES(102, 10,  8,  8.62,  4.98,  7.52, 19.69,  40.81, 606, 364,  4.724);
INSERT INTO detail ("id", "bill_id", "subscriber_id", "phone", "line", "insurance", "usage", "total", "minutes", "messages", "data") VALUES(103, 10,  3, 20.92,  7.26, 14.53,  6.46,  49.17, 324, 134, 11.075);
INSERT INTO detail ("id", "bill_id", "subscriber_id", "phone", "line", "insurance", "usage", "total", "minutes", "messages", "data") VALUES(104, 10,  5,  0.15,  0.57, 27.31, 26.59,  54.62, 200, 854,  8.259);
INSERT INTO detail ("id", "bill_id", "subscriber_id", "phone", "line", "insurance", "usage", "total", "minutes", "messages", "data") VALUES(105, 10,  7, 10.49, 16.18, 16.89, 19.00,  62.56, 196, 902,  9.383);
INSERT INTO detail ("id", "bill_id", "subscriber_id", "phone", "line", "insurance", "usage", "total", "minutes", "messages", "data") VALUES(106, 10,  9, 30.89, 15.79,  6.99,  2.69,  56.36, 529, 187, 15.063);
INSERT INTO detail ("id", "bill_id", "subscriber_id", "phone", "line", "insurance", "usage", "total", "minutes", "messages", "data") VALUES(107, 10,  1, 22.83, 19.67,  3.81,  0.05,  46.81, 276, 419, 20.649);
INSERT INTO detail ("id", "bill_id", "subscriber_id", "phone", "line", "insurance", "usage", "total", "minutes", "messages", "data") VALUES(108, 10, 10,  2.06, 10.89,  8.04,  3.02,  25.09,  27, 257, 17.812);

INSERT INTO charge ("id", "bill_id", "name", "split", "total") VALUES( 1,  1, "service-b", 0, 16.59);
INSERT INTO charge ("id", "bill_id", "name", "split", "total") VALUES( 2,  1, "service-c", 0,  1.28);
INSERT INTO charge ("id", "bill_id", "name", "split", "total") VALUES( 3,  1, "taxes",     1, 12.37);
INSERT INTO charge ("id", "bill_id", "name", "split", "total") VALUES( 4,  2, "service-a", 0,  6.23);
INSERT INTO charge ("id", "bill_id", "name", "split", "total") VALUES( 5,  2, "service-b", 0, 10.50);
INSERT INTO charge ("id", "bill_id", "name", "split", "total") VALUES( 6,  2, "service-c", 0, 20.30);
INSERT INTO charge ("id", "bill_id", "name", "split", "total") VALUES( 7,  2, "taxes",     1,  6.31);
INSERT INTO charge ("id", "bill_id", "name", "split", "total") VALUES( 8,  3, "service-a", 0,  5.94);
INSERT INTO charge ("id", "bill_id", "name", "split", "total") VALUES( 9,  3, "service-b", 0,  2.74);
INSERT INTO charge ("id", "bill_id", "name", "split", "total") VALUES(10,  3, "service-c", 0,  9.60);
INSERT INTO charge ("id", "bill_id", "name", "split", "total") VALUES(11,  3, "taxes",     1,  0.36);
INSERT INTO charge ("id", "bill_id", "name", "split", "total") VALUES(12,  4, "service-a", 0,  7.92);
INSERT INTO charge ("id", "bill_id", "name", "split", "total") VALUES(13,  4, "service-b", 0, 21.44);
INSERT INTO charge ("id", "bill_id", "name", "split", "total") VALUES(14,  4, "service-c", 0, 29.52);
INSERT INTO charge ("id", "bill_id", "name", "split", "total") VALUES(15,  4, "taxes",     1,  2.95);
INSERT INTO charge ("id", "bill_id", "name", "split", "total") VALUES(16,  5, "service-a", 0, 21.20);
INSERT INTO charge ("id", "bill_id", "name", "split", "total") VALUES(17,  5, "service-b", 0, 19.48);
INSERT INTO charge ("id", "bill_id", "name", "split", "total") VALUES(18,  5, "service-c", 0, 28.62);
INSERT INTO charge ("id", "bill_id", "name", "split", "total") VALUES(19,  5, "taxes",     1,  7.22);
INSERT INTO charge ("id", "bill_id", "name", "split", "total") VALUES(20,  6, "service-a", 0, 29.42);
INSERT INTO charge ("id", "bill_id", "name", "split", "total") VALUES(21,  6, "service-b", 0, 11.63);
INSERT INTO charge ("id", "bill_id", "name", "split", "total") VALUES(22,  6, "service-c", 0, 17.27);
INSERT INTO charge ("id", "bill_id", "name", "split", "total") VALUES(23,  6, "taxes",     1, 26.00);
INSERT INTO charge ("id", "bill_id", "name", "split", "total") VALUES(24,  7, "service-a", 0, 14.14);
INSERT INTO charge ("id", "bill_id", "name", "split", "total") VALUES(25,  7, "service-b", 0, 13.10);
INSERT INTO charge ("id", "bill_id", "name", "split", "total") VALUES(26,  7, "service-c", 0, 23.86);
INSERT INTO charge ("id", "bill_id", "name", "split", "total") VALUES(27,  7, "taxes",     1, 23.63);
INSERT INTO charge ("id", "bill_id", "name", "split", "total") VALUES(28,  8, "service-a", 0,  3.52);
INSERT INTO charge ("id", "bill_id", "name", "split", "total") VALUES(29,  8, "service-b", 0,  1.38);
INSERT INTO charge ("id", "bill_id", "name", "split", "total") VALUES(30,  8, "service-c", 0, 10.54);
INSERT INTO charge ("id", "bill_id", "name", "split", "total") VALUES(31,  8, "taxes",     1, 23.11);
INSERT INTO charge ("id", "bill_id", "name", "split", "total") VALUES(32,  9, "service-a", 0, 24.30);
INSERT INTO charge ("id", "bill_id", "name", "split", "total") VALUES(33,  9, "service-b", 0, 24.80);
INSERT INTO charge ("id", "bill_id", "name", "split", "total") VALUES(34,  9, "service-c", 0, 29.58);
INSERT INTO charge ("id", "bill_id", "name", "split", "total") VALUES(35,  9, "taxes",     1, 11.80);
INSERT INTO charge ("id", "bill_id", "name", "split", "total") VALUES(36, 10, "service-a", 0, 13.56);
INSERT INTO charge ("id", "bill_id", "name", "split", "total") VALUES(37, 10, "service-b", 0, 22.20);
INSERT INTO charge ("id", "bill_id", "name", "split", "total") VALUES(38, 10, "service-c", 0,  0.70);
